Date,Day,Week,Court,Team 1,Team 2,Notes
May 7 2026,Thursday,1,1,Dolls With Balls,Quattro Amici,
May 7 2026,Thursday,1,2,Let's Roll,Bocce Stars,
May 7 2026,Thursday,1,3,D'Bocceri,Wonder Women,
May 7 2026,Thursday,1,4,Bocce Babes,Donne Dolci,
May 7 2026,Thursday,1,5,Limoncello Sorellas,Bocce Bellas,
May 7 2026,Thursday,1,6,Movin Balls,Viva La Bocce,
May 12 2026,Tuesday,2,1,Viva La Bocce,Donne Vere,
May 12 2026,Tuesday,2,2,Movin Balls,Cannoli Hope,
May 12 2026,Tuesday,2,3,Roll Models,Bocce Mammas,
May 12 2026,Tuesday,2,4,La Bocce Vita,Limoncello Sorellas,
May 12 2026,Tuesday,2,5,Bocce Babes,Wonder Women,
May 12 2026,Tuesday,2,6,D'Bocceri,Donne Dolci,
May 14 2026,Thursday,2,1,Donne Dolci,Bocce Bellas,
May 14 2026,Thursday,2,2,D'Bocceri,Bocce Babes,
May 14 2026,Thursday,2,3,Dolls With Balls,Let's Roll,
May 14 2026,Thursday,2,4,Quattro Amici,Bocce Stars,
May 14 2026,Thursday,2,5,Limoncello Sorellas,Bocce Mammas,
May 14 2026,Thursday,2,6,La Bocce Vita,Wonder Women,
May 21 2026,Thursday,3,1,Bocce Mammas,Cannoli Hope,
May 21 2026,Thursday,3,2,Limoncello Sorellas,Dolls With Balls,
May 21 2026,Thursday,3,3,Bocce Stars,Bocce Bellas,
May 21 2026,Thursday,3,4,Movin Balls,Roll Models,
May 21 2026,Thursday,3,5,Quattro Amici,Let's Roll,
May 21 2026,Thursday,3,6,Wonder Women,Viva La Bocce,
May 26 2026,Tuesday,4,1,D'Bocceri,Roll Models,
May 26 2026,Tuesday,4,2,Donne Vere,Wonder Women,
May 26 2026,Tuesday,4,3,La Bocce Vita,Viva La Bocce,
May 26 2026,Tuesday,4,4,Donne Dolci,Bocce Mammas,
May 26 2026,Tuesday,4,5,Movin Balls,Bocce Babes,
May 26 2026,Tuesday,4,6,Dolls With Balls,Cannoli Hope,
May 28 2026,Thursday,4,1,D'Bocceri,Movin Balls,
May 28 2026,Thursday,4,2,Donne Dolci,Dolls With Balls,
May 28 2026,Thursday,4,3,Limoncello Sorellas,Quattro Amici,
May 28 2026,Thursday,4,4,Bocce Bellas,Let's Roll,
May 28 2026,Thursday,4,5,Cannoli Hope,Bocce Stars,
May 28 2026,Thursday,4,6,Bocce Babes,Bocce Mammas,
June 4 2026,Thursday,5,1,Bocce Stars,Limoncello Sorellas,
June 4 2026,Thursday,5,2,Bocce Bellas,Quattro Amici,
June 4 2026,Thursday,5,3,Movin Balls,Let's Roll,
June 4 2026,Thursday,5,4,D'Bocceri,Viva La Bocce,
June 4 2026,Thursday,5,5,Roll Models,La Bocce Vita,
June 4 2026,Thursday,5,6,Bocce Mammas,Donne Vere,
June 9 2026,Tuesday,6,1,Wonder Women,Bocce Mammas,
June 9 2026,Tuesday,6,2,Let's Roll,La Bocce Vita,
June 9 2026,Tuesday,6,3,Donne Vere,Bocce Babes,
June 9 2026,Tuesday,6,4,Dolls With Balls,Roll Models,
June 9 2026,Tuesday,6,5,Cannoli Hope,Donne Dolci,
June 9 2026,Tuesday,6,6,Viva La Bocce,Quattro Amici,
June 11 2026,Thursday,6,1,La Bocce Vita,Bocce Bellas,
June 11 2026,Thursday,6,2,Limoncello Sorellas,Viva La Bocce,
June 11 2026,Thursday,6,3,Quattro Amici,Roll Models,
June 11 2026,Thursday,6,4,Dolls With Balls,Donne Vere,
June 11 2026,Thursday,6,5,Let's Roll,Donne Dolci,
June 11 2026,Thursday,6,6,Bocce Stars,Movin Balls,
June 18 2026,Thursday,7,1,Limoncello Sorellas,Movin Balls,
June 18 2026,Thursday,7,2,Donne Dolci,Wonder Women,
June 18 2026,Thursday,7,3,Dolls With Balls,Bocce Stars,
June 18 2026,Thursday,7,4,Cannoli Hope,Donne Vere,
June 18 2026,Thursday,7,5,D'Bocceri,Bocce Bellas,
June 18 2026,Thursday,7,6,Let's Roll,Bocce Babes,
June 23 2026,Tuesday,8,1,Viva La Bocce,Bocce Babes,
June 23 2026,Tuesday,8,2,La Bocce Vita,Bocce Mammas,
June 23 2026,Tuesday,8,3,Cannoli Hope,Let's Roll,
June 23 2026,Tuesday,8,4,Wonder Women,Quattro Amici,
June 23 2026,Tuesday,8,5,Donne Vere,Bocce Stars,
June 23 2026,Tuesday,8,6,Roll Models,Donne Dolci,
June 25 2026,Thursday,8,1,Cannoli Hope,Bocce Babes,
June 25 2026,Thursday,8,2,Donne Vere,Bocce Bellas,
June 25 2026,Thursday,8,3,Let's Roll,Roll Models,
June 25 2026,Thursday,8,4,Viva La Bocce,Bocce Stars,
June 25 2026,Thursday,8,5,Movin Balls,Dolls With Balls,
June 25 2026,Thursday,8,6,D'Bocceri,Limoncello Sorellas,
June 30 2026,Tuesday,9,1,Let's Roll,Limoncello Sorellas,
June 30 2026,Tuesday,9,2,Roll Models,Wonder Women,
June 30 2026,Tuesday,9,3,Donne Dolci,Movin Balls,
June 30 2026,Tuesday,9,4,Bocce Mammas,Quattro Amici,
June 30 2026,Tuesday,9,5,D'Bocceri,Dolls With Balls,
June 30 2026,Tuesday,9,6,Cannoli Hope,La Bocce Vita,
July 2 2026,Thursday,9,1,Donne Vere,La Bocce Vita,
July 2 2026,Thursday,9,2,Bocce Babes,Bocce Stars,
July 2 2026,Thursday,9,3,Bocce Bellas,Viva La Bocce,
July 2 2026,Thursday,9,4,Bocce Mammas,Movin Balls,
July 2 2026,Thursday,9,5,Quattro Amici,Cannoli Hope,
July 2 2026,Thursday,9,6,Roll Models,Limoncello Sorellas,
July 9 2026,Thursday,10,1,Donne Dolci,Viva La Bocce,
July 9 2026,Thursday,10,2,D'Bocceri,Let's Roll,
July 9 2026,Thursday,10,3,Bocce Stars,Wonder Women,
July 9 2026,Thursday,10,4,Bocce Babes,Bocce Bellas,
July 9 2026,Thursday,10,5,Donne Vere,Roll Models,
July 9 2026,Thursday,10,6,Bocce Mammas,Dolls With Balls,
July 23 2026,Thursday,11,1,Dolls With Balls,La Bocce Vita,
July 23 2026,Thursday,11,2,Movin Balls,Quattro Amici,
July 23 2026,Thursday,11,3,Cannoli Hope,Limoncello Sorellas,
July 23 2026,Thursday,11,4,D'Bocceri,Bocce Stars,
July 23 2026,Thursday,11,5,Bocce Mammas,Let's Roll,
July 23 2026,Thursday,11,6,Wonder Women,Bocce Bellas,
July 28 2026,Tuesday,12,1,Let's Roll,Wonder Women,
July 28 2026,Tuesday,12,2,Viva La Bocce,Roll Models,
July 28 2026,Tuesday,12,3,Donne Vere,Donne Dolci,
July 28 2026,Tuesday,12,4,Bocce Stars,La Bocce Vita,
July 28 2026,Tuesday,12,5,D'Bocceri,Bocce Mammas,
July 28 2026,Tuesday,12,6,Quattro Amici,Bocce Babes,
July 30 2026,Thursday,12,1,Bocce Stars,Bocce Mammas,
July 30 2026,Thursday,12,2,D'Bocceri,Cannoli Hope,
July 30 2026,Thursday,12,3,Dolls With Balls,Bocce Babes,
July 30 2026,Thursday,12,4,Limoncello Sorellas,Wonder Women,
July 30 2026,Thursday,12,5,Quattro Amici,La Bocce Vita,
July 30 2026,Thursday,12,6,Bocce Bellas,Movin Balls,
August 6 2026,Thursday,13,1,Bocce Bellas,Dolls With Balls,
August 6 2026,Thursday,13,2,Donne Dolci,Limoncello Sorellas,
August 6 2026,Thursday,13,3,La Bocce Vita,Movin Balls,
August 6 2026,Thursday,13,4,Viva La Bocce,Cannoli Hope,
August 6 2026,Thursday,13,5,Roll Models,Bocce Stars,
August 6 2026,Thursday,13,6,Quattro Amici,Donne Vere,
August 11 2026,Tuesday,14,1,Bocce Babes,Roll Models,
August 11 2026,Tuesday,14,2,Bocce Mammas,Viva La Bocce,
August 11 2026,Tuesday,14,3,D'Bocceri,Quattro Amici,
August 11 2026,Tuesday,14,4,Let's Roll,Donne Vere,
August 11 2026,Tuesday,14,5,Wonder Women,Movin Balls,
August 11 2026,Tuesday,14,6,Bocce Stars,Donne Dolci,
August 13 2026,Thursday,14,2,Bocce Bellas,Cannoli Hope,
August 13 2026,Thursday,14,3,La Bocce Vita,Donne Dolci,
August 13 2026,Thursday,14,5,Viva La Bocce,Dolls With Balls,
August 13 2026,Thursday,14,6,Donne Vere,Limoncello Sorellas,
August 20 2026,Thursday,15,1,Cannoli Hope,Roll Models,
August 20 2026,Thursday,15,2,Bocce Bellas,Bocce Mammas,
August 20 2026,Thursday,15,3,Bocce Babes,Limoncello Sorellas,
August 20 2026,Thursday,15,4,Wonder Women,Dolls With Balls,
August 20 2026,Thursday,15,5,Movin Balls,Donne Vere,
August 20 2026,Thursday,15,6,D'Bocceri,La Bocce Vita,
August 25 2026,Tuesday,16,1,D'Bocceri,Donne Vere,
August 25 2026,Tuesday,16,2,Bocce Babes,La Bocce Vita,
August 25 2026,Tuesday,16,3,Wonder Women,Cannoli Hope,
August 25 2026,Tuesday,16,4,Roll Models,Bocce Bellas,
August 25 2026,Tuesday,16,5,Viva La Bocce,Let's Roll,
August 25 2026,Tuesday,16,6,Quattro Amici,Donne Dolci,
